{"short_name":"Eluring","name":"partners in every period of your life","description":"Keep track of your period, get automated supplies & connect with women all around the world.","icons":[{"src":"./assets/images/eulring-512.png","type":"image/png","sizes":"512x512","purpose":"any maskable"},{"src":"./assets/images/eulring-192.png","type":"image/png","sizes":"192x192","purpose":"any maskable"}],"start_url":"/aboutus","background_color":"#fc637f","display":"standalone","scope":"/","theme_color":"#fc637f"}